{
  "num_metric_rows": 425,
  "num_scale_collapse_rows": 850,
  "num_family_distance_rows": 170,
  "max_two_knob_scale_collapse_error": 3.71958791396172e-08,
  "mean_two_knob_scale_collapse_error": 4.6682089356369645e-09,
  "min_one_knob_family_distance": 0.020038824637657396,
  "max_one_knob_family_distance": 1.145022003120344
}