split,condition,alpha_strength_bin,geometry_skew_bin,count,point_output_rate,alpha_point_recoverable_rate,gate_precision,mean_best_alpha_output_abs_error_open,mean_anchored_alpha_output_abs_error_open,mean_refined_alpha_output_abs_error_open,mean_refined_alpha_bank_log_span_open,refined_beats_anchored_rate_open,refined_beats_best_rate_open
holdout,sparse_partial_high_noise,moderate,low_skew,3,0.3333333333333333,0.3333333333333333,0.0,0.09418898410663323,0.07303867898019645,0.18698483659896736,0.12424500593546811,0.0,0.0
holdout,sparse_partial_high_noise,moderate,mid_skew,3,0.0,0.3333333333333333,nan,nan,nan,nan,nan,nan,nan
holdout,sparse_partial_high_noise,moderate,high_skew,3,0.3333333333333333,0.3333333333333333,1.0,0.20262706123360807,0.008166482015138588,0.1127777961865637,0.018979394114375586,0.0,1.0
confirmation,sparse_partial_high_noise,moderate,low_skew,3,0.3333333333333333,0.6666666666666666,1.0,0.1791311744402826,0.17299104524124043,0.15405703889611688,0.25073960834621273,1.0,1.0
confirmation,sparse_partial_high_noise,moderate,mid_skew,3,0.3333333333333333,0.6666666666666666,1.0,0.03923592793598196,0.03292761909337005,0.09278072897872036,0.24474116417726888,0.0,0.0
confirmation,sparse_partial_high_noise,moderate,high_skew,3,0.3333333333333333,0.3333333333333333,1.0,0.5221314480179079,0.3909068138785815,0.3569801935146023,0.005364440127815034,1.0,1.0
