split,count,point_output_count,point_output_rate,alpha_point_recoverable_rate,gate_balanced_accuracy,gate_precision,gate_reject_unrecoverable_rate,mean_best_alpha_output_abs_error_open,mean_anchored_alpha_output_abs_error_open,mean_refined_alpha_output_abs_error_open,mean_best_alpha_bank_log_span_open,mean_anchored_alpha_bank_log_span_open,mean_refined_alpha_bank_log_span_open,refined_beats_anchored_rate_open,refined_beats_best_rate_open
holdout,9,2,0.2222222222222222,0.3333333333333333,0.5833333333333334,0.5,0.8333333333333334,0.14840802267012065,0.04060258049766752,0.14988131639276553,0.2272072441166943,0.1296261859028207,0.07161220002492184,0.0,0.5
confirmation,9,3,0.3333333333333333,0.5555555555555556,0.8,1.0,1.0,0.2468328501313908,0.198941826071064,0.20127265379647985,0.32248726717219117,0.10874601191280546,0.16694840421709886,0.6666666666666666,0.6666666666666666
