{
  "summary": {
    "reference_bank_size": 300,
    "bank_seeds": [
      20260324,
      20260325,
      20260326,
      20260327,
      20260328
    ],
    "score_band_rule": "best_score + max(noise_sigma^2, 5e-5)",
    "top_k_refinement_seeds": 3,
    "gate_metric": "mean_anchored_alpha_log_std",
    "trial_count": 72,
    "point_output_count": 53,
    "point_output_rate": 0.7361111111111112,
    "alpha_point_recoverable_rate": 0.4444444444444444,
    "gate_precision": 0.5849056603773585,
    "gate_reject_unrecoverable_rate": 0.45,
    "mean_best_alpha_output_abs_error_open": 0.14707752384902567,
    "mean_anchored_alpha_output_abs_error_open": 0.14315719924338344,
    "mean_refined_alpha_output_abs_error_open": 0.13640076663013584,
    "mean_best_alpha_bank_log_span_open": 0.2509207366619167,
    "mean_anchored_alpha_bank_log_span_open": 0.06839142645114352,
    "mean_refined_alpha_bank_log_span_open": 0.17376124503821314,
    "refined_beats_anchored_rate_open": 0.5660377358490566,
    "refined_beats_best_rate_open": 0.49056603773584906
  },
  "gate_threshold": {
    "metric": "mean_anchored_alpha_log_std",
    "threshold": 0.18902735609863774,
    "calibration_balanced_accuracy": 0.7337461300309598,
    "holdout_balanced_accuracy": 0.6818181818181819,
    "confirmation_balanced_accuracy": 0.7,
    "overall_balanced_accuracy": 0.709375
  },
  "by_split": [
    {
      "split": "calibration",
      "count": 36,
      "point_output_count": 25,
      "point_output_rate": 0.6944444444444444,
      "alpha_point_recoverable_rate": 0.4722222222222222,
      "gate_balanced_accuracy": 0.7337461300309598,
      "gate_precision": 0.64,
      "gate_reject_unrecoverable_rate": 0.5263157894736842,
      "mean_best_alpha_output_abs_error_open": 0.1404621718435468,
      "mean_anchored_alpha_output_abs_error_open": 0.13821346150712968,
      "mean_refined_alpha_output_abs_error_open": 0.13164117074019635,
      "mean_best_alpha_bank_log_span_open": 0.2622721713690237,
      "mean_anchored_alpha_bank_log_span_open": 0.08012169903332761,
      "mean_refined_alpha_bank_log_span_open": 0.19401212741744145,
      "refined_beats_anchored_rate_open": 0.6,
      "refined_beats_best_rate_open": 0.48
    },
    {
      "split": "holdout",
      "count": 18,
      "point_output_count": 14,
      "point_output_rate": 0.7777777777777778,
      "alpha_point_recoverable_rate": 0.3888888888888889,
      "gate_balanced_accuracy": 0.6818181818181819,
      "gate_precision": 0.5,
      "gate_reject_unrecoverable_rate": 0.36363636363636365,
      "mean_best_alpha_output_abs_error_open": 0.17937593505391683,
      "mean_anchored_alpha_output_abs_error_open": 0.1598283040848855,
      "mean_refined_alpha_output_abs_error_open": 0.16504657653357194,
      "mean_best_alpha_bank_log_span_open": 0.21919649837975677,
      "mean_anchored_alpha_bank_log_span_open": 0.0540687602836905,
      "mean_refined_alpha_bank_log_span_open": 0.1413662676387556,
      "refined_beats_anchored_rate_open": 0.35714285714285715,
      "refined_beats_best_rate_open": 0.5714285714285714
    },
    {
      "split": "confirmation",
      "count": 18,
      "point_output_count": 14,
      "point_output_rate": 0.7777777777777778,
      "alpha_point_recoverable_rate": 0.4444444444444444,
      "gate_balanced_accuracy": 0.7,
      "gate_precision": 0.5714285714285714,
      "gate_reject_unrecoverable_rate": 0.4,
      "mean_best_alpha_output_abs_error_open": 0.12659224122534682,
      "mean_anchored_alpha_output_abs_error_open": 0.13531419750233462,
      "mean_refined_alpha_output_abs_error_open": 0.11625423510159176,
      "mean_best_alpha_bank_log_span_open": 0.2623745558242428,
      "mean_anchored_alpha_bank_log_span_open": 0.06176717729326775,
      "mean_refined_alpha_bank_log_span_open": 0.16999393247476305,
      "refined_beats_anchored_rate_open": 0.7142857142857143,
      "refined_beats_best_rate_open": 0.42857142857142855
    }
  ],
  "by_condition": [
    {
      "split": "calibration",
      "condition": "sparse_full_noisy",
      "count": 18,
      "point_output_rate": 0.8333333333333334,
      "alpha_point_recoverable_rate": 0.6111111111111112,
      "gate_precision": 0.7333333333333333,
      "mean_refined_alpha_output_abs_error_open": 0.13292994877598477,
      "mean_refined_alpha_bank_log_span_open": 0.2180071871899415,
      "refined_beats_anchored_rate_open": 0.5333333333333333,
      "refined_beats_best_rate_open": 0.3333333333333333
    },
    {
      "split": "calibration",
      "condition": "sparse_partial_high_noise",
      "count": 18,
      "point_output_rate": 0.5555555555555556,
      "alpha_point_recoverable_rate": 0.3333333333333333,
      "gate_precision": 0.5,
      "mean_refined_alpha_output_abs_error_open": 0.12970800368651378,
      "mean_refined_alpha_bank_log_span_open": 0.15801953775869126,
      "refined_beats_anchored_rate_open": 0.7,
      "refined_beats_best_rate_open": 0.7
    },
    {
      "split": "holdout",
      "condition": "sparse_full_noisy",
      "count": 9,
      "point_output_rate": 0.7777777777777778,
      "alpha_point_recoverable_rate": 0.5555555555555556,
      "gate_precision": 0.7142857142857143,
      "mean_refined_alpha_output_abs_error_open": 0.12901353490964546,
      "mean_refined_alpha_bank_log_span_open": 0.133887547973896,
      "refined_beats_anchored_rate_open": 0.42857142857142855,
      "refined_beats_best_rate_open": 0.42857142857142855
    },
    {
      "split": "holdout",
      "condition": "sparse_partial_high_noise",
      "count": 9,
      "point_output_rate": 0.7777777777777778,
      "alpha_point_recoverable_rate": 0.2222222222222222,
      "gate_precision": 0.2857142857142857,
      "mean_refined_alpha_output_abs_error_open": 0.2010796181574984,
      "mean_refined_alpha_bank_log_span_open": 0.1488449873036152,
      "refined_beats_anchored_rate_open": 0.2857142857142857,
      "refined_beats_best_rate_open": 0.7142857142857143
    },
    {
      "split": "confirmation",
      "condition": "sparse_full_noisy",
      "count": 9,
      "point_output_rate": 0.8888888888888888,
      "alpha_point_recoverable_rate": 0.5555555555555556,
      "gate_precision": 0.625,
      "mean_refined_alpha_output_abs_error_open": 0.11102361857042138,
      "mean_refined_alpha_bank_log_span_open": 0.14107432972441242,
      "refined_beats_anchored_rate_open": 0.625,
      "refined_beats_best_rate_open": 0.5
    },
    {
      "split": "confirmation",
      "condition": "sparse_partial_high_noise",
      "count": 9,
      "point_output_rate": 0.6666666666666666,
      "alpha_point_recoverable_rate": 0.3333333333333333,
      "gate_precision": 0.5,
      "mean_refined_alpha_output_abs_error_open": 0.12322839047648564,
      "mean_refined_alpha_bank_log_span_open": 0.20855340280856396,
      "refined_beats_anchored_rate_open": 0.8333333333333334,
      "refined_beats_best_rate_open": 0.3333333333333333
    }
  ],
  "by_cell": [
    {
      "split": "calibration",
      "condition": "sparse_full_noisy",
      "alpha_strength_bin": "moderate",
      "geometry_skew_bin": "low_skew",
      "count": 6,
      "point_output_rate": 1.0,
      "alpha_point_recoverable_rate": 1.0,
      "gate_precision": 1.0,
      "mean_best_alpha_output_abs_error_open": 0.10642436905002169,
      "mean_anchored_alpha_output_abs_error_open": 0.1201015933001426,
      "mean_refined_alpha_output_abs_error_open": 0.10909873640009976,
      "mean_refined_alpha_bank_log_span_open": 0.2010846905607444,
      "refined_beats_anchored_rate_open": 0.5,
      "refined_beats_best_rate_open": 0.3333333333333333
    },
    {
      "split": "calibration",
      "condition": "sparse_full_noisy",
      "alpha_strength_bin": "moderate",
      "geometry_skew_bin": "mid_skew",
      "count": 6,
      "point_output_rate": 0.8333333333333334,
      "alpha_point_recoverable_rate": 0.16666666666666666,
      "gate_precision": 0.2,
      "mean_best_alpha_output_abs_error_open": 0.14055691340423931,