{
  "solver_family": "bank_invariant_ridge_chooser",
  "variant": {
    "name": "baseline",
    "reference_bank_size": 300,
    "top_k_seeds": 3
  },
  "train_blocks": [
    "calibration_block_1",
    "calibration_block_2"
  ],
  "focused_conditions": [
    "sparse_full_noisy",
    "sparse_partial_high_noise"
  ],
  "focused_alpha_bin": "moderate",
  "cells": [
    "sparse_full_noisy__low_skew",
    "sparse_full_noisy__mid_skew",
    "sparse_full_noisy__high_skew",
    "sparse_partial_high_noise__low_skew",
    "sparse_partial_high_noise__mid_skew",
    "sparse_partial_high_noise__high_skew"
  ],
  "confidence_margin": 0.0,
  "ridge_lambda": 1.0,
  "feature_names": [
    "sparse_full_noisy__low_skew",
    "sparse_full_noisy__mid_skew",
    "sparse_full_noisy__high_skew",
    "sparse_partial_high_noise__low_skew",
    "sparse_partial_high_noise__mid_skew",
    "sparse_partial_high_noise__high_skew",
    "log_alpha_diff",
    "t_diff",
    "rho_diff",
    "h_diff",
    "w1_diff",
    "w2_diff",
    "score_diff",
    "entropy_diff",
    "cv_score_diff",
    "abs_log_alpha_diff",
    "abs_t_diff",
    "score_sign"
  ],
  "feature_mean": [
    0.16666666666666666,
    0.16666666666666666,
    0.16666666666666666,
    0.16666666666666666,
    0.16666666666666666,
    0.16666666666666666,
    -0.0015128362498516232,
    0.007835939085521727,
    -0.0032621142493731497,
    -0.029287111643879364,
    0.003188610569545213,
    0.001272363092461203,
    -1.668919152545737e-05,
    0.002843638591879211,
    6.649404738529468e-06,
    0.07819726042233616,
    0.22529645641999313,
    0.16666666666666666
  ],
  "feature_std": [
    0.3726779962499649,
    0.3726779962499649,
    0.3726779962499649,
    0.3726779962499649,
    0.3726779962499649,
    0.3726779962499649,
    0.1640405755614828,
    0.32273631215601384,
    0.04400352121672165,
    0.23619955295237707,
    0.21937066314094608,
    0.16005159195506447,
    5.498814067964147e-05,
    0.01775878547424301,
    0.00016638029125719665,
    0.14421091347919118,
    0.2312177239097603,
    0.9860132971832691
  ],
  "weights": [
    -0.017576981190124668,
    -0.004051912530576112,
    0.010217056078534171,
    -0.00899105940338197,
    0.006694154599609591,
    0.013708742445938123,
    0.06134391883035342,
    0.01387142137630646,
    0.048488779847141256,
    0.06375791796635233,
    -0.03289298556256209,
    -0.03607863048949344,
    -0.007405956095208197,
    -0.010775432084185814,
    -0.011245508963749656,
    -0.04526312851877962,
    0.002992386962608818,
    -0.014317735521051483
  ],
  "bias": -0.02659521564877032,
  "train_count": 36
}