{
  "summary": {
    "reference_bank_size": 300,
    "top_k_seeds": 3.0,
    "trials_per_cell": 4.0,
    "tie_break": "conditioned_if_scores_equal",
    "audits": {
      "score_compatibility": {
        "audit_cases": 12.0,
        "max_conditioned_vs_family_score_delta_same_params": 0.0
      }
    },
    "best_hybrid_vs_marginalized_alpha_ratio": 1.6059404772707906,
    "worst_hybrid_vs_marginalized_alpha_ratio": 1.1998106717014563,
    "best_hybrid_fraction_of_oracle_gain": 0.5780394253518213,
    "worst_hybrid_fraction_of_oracle_gain": -0.03705492283372893,
    "largest_hybrid_over_oracle_combo_alpha_mean": 0.06159749581799415,
    "focus_summary": {
      "sparse_full_hybrid_vs_marginalized_alpha_ratio": 1.6059404772707906,
      "sparse_partial_hybrid_vs_marginalized_alpha_ratio": 1.1998106717014563,
      "sparse_full_hybrid_match_oracle_fraction": 0.6666666666666666,
      "sparse_partial_hybrid_match_oracle_fraction": 0.4166666666666667,
      "best_focus_hybrid_vs_marginalized_alpha_ratio": 11.12728497484707,
      "worst_focus_hybrid_vs_marginalized_alpha_ratio": 0.9897035637209923,
      "largest_focus_hybrid_over_oracle_combo_alpha": 0.098821354891096,
      "largest_focus_hybrid_choose_family_fraction": 1.0
    }
  },
  "by_condition": [
    {
      "condition": "sparse_full_noisy",
      "baseline_alpha_error_mean": 0.14291861704210587,
      "marginalized_alpha_error_mean": 0.12440176150815913,
      "conditioned_alpha_error_mean": 0.15653753047953442,
      "family_alpha_error_mean": 0.11012928931367431,
      "hybrid_alpha_error_mean": 0.07746349461193806,
      "oracle_combo_alpha_error_mean": 0.07717427444746629,
      "oracle_pose_alpha_error_mean": 0.029682184440075633,
      "conditioned_fraction_of_oracle_gain_mean": -0.12026971465351842,
      "family_fraction_of_oracle_gain_mean": 0.2895651776992105,
      "hybrid_fraction_of_oracle_gain_mean": 0.5780394253518213,
      "hybrid_vs_marginalized_alpha_ratio": 1.6059404772707906,
      "hybrid_vs_conditioned_alpha_ratio": 2.0207909708144007,
      "hybrid_vs_family_alpha_ratio": 1.4216927581873133,
      "hybrid_over_oracle_combo_alpha_mean": 0.00028922016447177623,
      "hybrid_choose_family_fraction": 0.8333333333333334,
      "oracle_combo_choose_family_fraction": 0.5,
      "hybrid_matches_oracle_combo_fraction": 0.6666666666666666,
      "hybrid_geometry_mae_mean": 0.07882236420391954,
      "hybrid_weight_mae_mean": 0.1590831409957789,
      "hybrid_fit_rmse_mean": 0.011912402801813738
    },
    {
      "condition": "sparse_partial_high_noise",
      "baseline_alpha_error_mean": 0.2168637015063696,
      "marginalized_alpha_error_mean": 0.2675942541020494,
      "conditioned_alpha_error_mean": 0.17304180257664858,
      "family_alpha_error_mean": 0.2253915111679575,
      "hybrid_alpha_error_mean": 0.2230304000568464,
      "oracle_combo_alpha_error_mean": 0.16143290423885226,
      "oracle_pose_alpha_error_mean": 0.05044320784759948,
      "conditioned_fraction_of_oracle_gain_mean": 0.26332032772101843,
      "family_fraction_of_oracle_gain_mean": -0.051242545158370824,
      "hybrid_fraction_of_oracle_gain_mean": -0.03705492283372893,
      "hybrid_vs_marginalized_alpha_ratio": 1.1998106717014563,
      "hybrid_vs_conditioned_alpha_ratio": 0.7758664403262666,
      "hybrid_vs_family_alpha_ratio": 1.0105864990176643,
      "hybrid_over_oracle_combo_alpha_mean": 0.06159749581799415,
      "hybrid_choose_family_fraction": 0.9166666666666666,
      "oracle_combo_choose_family_fraction": 0.3333333333333333,
      "hybrid_matches_oracle_combo_fraction": 0.4166666666666667,
      "hybrid_geometry_mae_mean": 0.10568281676301698,
      "hybrid_weight_mae_mean": 0.1770844782894492,
      "hybrid_fit_rmse_mean": 0.04397207600017761
    }
  ],
  "by_cell": [
    {
      "condition": "sparse_full_noisy",
      "alpha_strength_bin": "moderate",
      "geometry_skew_bin": "low_skew",
      "count": 4,
      "marginalized_alpha_error_mean": 0.11524663240825059,
      "conditioned_alpha_error_mean": 0.10732996574158396,
      "family_alpha_error_mean": 0.10433781175566195,
      "hybrid_alpha_error_mean": 0.10433781175566195,
      "oracle_combo_alpha_error_mean": 0.10369846617866779,
      "hybrid_vs_marginalized_alpha_ratio": 1.1045528985995499,
      "hybrid_over_oracle_combo_alpha_mean": 0.0006393455769941603,
      "hybrid_choose_family_fraction": 1.0,
      "oracle_combo_choose_family_fraction": 0.25,
      "hybrid_matches_oracle_combo_fraction": 0.25,
      "mean_hybrid_score_margin": 5.998186581524694e-05
    },
    {
      "condition": "sparse_full_noisy",
      "alpha_strength_bin": "moderate",
      "geometry_skew_bin": "mid_skew",
      "count": 4,
      "marginalized_alpha_error_mean": 0.11392311030164445,
      "conditioned_alpha_error_mean": 0.2246791769481836,
      "family_alpha_error_mean": 0.20883521262628377,
      "hybrid_alpha_error_mean": 0.11510831573984365,
      "oracle_combo_alpha_error_mean": 0.11488000082342248,
      "hybrid_vs_marginalized_alpha_ratio": 0.9897035637209923,
      "hybrid_over_oracle_combo_alpha_mean": 0.0002283149164211684,
      "hybrid_choose_family_fraction": 0.75,
      "oracle_combo_choose_family_fraction": 0.5,
      "hybrid_matches_oracle_combo_fraction": 0.75,
      "mean_hybrid_score_margin": 5.224768140151058e-06
    },
    {
      "condition": "sparse_full_noisy",
      "alpha_strength_bin": "moderate",
      "geometry_skew_bin": "high_skew",
      "count": 4,
      "marginalized_alpha_error_mean": 0.14403554181458234,
      "conditioned_alpha_error_mean": 0.13760344874883573,
      "family_alpha_error_mean": 0.01721484355907721,
      "hybrid_alpha_error_mean": 0.012944356340308605,
      "oracle_combo_alpha_error_mean": 0.012944356340308605,
      "hybrid_vs_marginalized_alpha_ratio": 11.12728497484707,
      "hybrid_over_oracle_combo_alpha_mean": 0.0,
      "hybrid_choose_family_fraction": 0.75,
      "oracle_combo_choose_family_fraction": 0.75,
      "hybrid_matches_oracle_combo_fraction": 1.0,
      "mean_hybrid_score_margin": 2.5296450002591786e-05
    },
    {
      "condition": "sparse_partial_high_noise",
      "alpha_strength_bin": "moderate",
      "geometry_skew_bin": "low_skew",
      "count": 4,
      "marginalized_alpha_error_mean": 0.2686980026784799,
      "conditioned_alpha_error_mean": 0.20105792822523863,
      "family_alpha_error_mean": 0.24743334410100734,
      "hybrid_alpha_error_mean": 0.24743334410100734,
      "oracle_combo_alpha_error_mean": 0.17896221153812095,
      "hybrid_vs_marginalized_alpha_ratio": 1.0859409577748416,
      "hybrid_over_oracle_combo_alpha_mean": 0.0684711325628864,
      "hybrid_choose_family_fraction": 1.0,
      "oracle_combo_choose_family_fraction": 0.25,
      "hybrid_matches_oracle_combo_fraction": 0.25,
      "mean_hybrid_score_margin": 6.994088484765538e-05
    },
    {
      "condition": "sparse_partial_high_noise",
      "alpha_strength_bin": "moderate",
      "geometry_skew_bin": "mid_skew",
      "count": 4,
      "marginalized_alpha_error_mean": 0.2162996860639532,
      "conditioned_alpha_error_mean": 0.2021888771028087,
      "family_alpha_error_mean": 0.2162996860639532,
      "hybrid_alpha_error_mean": 0.2162996860639532,
      "oracle_combo_alpha_error_mean": 0.19879968606395315,
      "hybrid_vs_marginalized_alpha_ratio": 1.0,
      "hybrid_over_oracle_combo_alpha_mean": 0.017500000000000043,
      "hybrid_choose_family_fraction": 1.0,
      "oracle_combo_choose_family_fraction": 0.25,
      "hybrid_matches_oracle_combo_fraction": 0.25,
      "mean_hybrid_score_margin": 1.3785734941242946e-05
    },
    {
      "condition": "sparse_partial_high_noise",
      "alpha_strength_bin": "moderate",
      "geometry_skew_bin": "high_skew",
      "count": 4,
      "marginalized_alpha_error_mean": 0.3177850735637151,
      "conditioned_alpha_error_mean": 0.11587860240189843,
      "family_alpha_error_mean": 0.21244150333891196,