{
  "summary": {
    "reference_bank_size": 300,
    "bank_seeds": [
      20260324,
      20260325,
      20260326,
      20260327,
      20260328
    ],
    "score_band_rule": "best_score + max(noise_sigma^2, 5e-5)",
    "trial_count": 72,
    "mean_alpha_bank_log_span": 0.29929213557994,
    "mean_best_geometry_bank_span_norm": 0.49715184150677794,
    "mean_consensus_geometry_bank_span_norm": 0.0945241204524876,
    "mean_best_geometry_mae": 0.09518064302968578,
    "mean_consensus_geometry_mae": 0.06747537348645118,
    "mean_geometry_mae_gain": 0.027705269543234608,
    "mean_geometry_bank_span_gain": 0.4026277210542902,
    "consensus_beats_best_rate": 0.7638888888888888,
    "consensus_tighter_rate": 0.9722222222222222,
    "consensus_span_vs_alpha_span_corr": 0.21040727944094337,
    "best_span_vs_alpha_span_corr": 0.1428611924040665
  },
  "by_split": [
    {
      "split": "calibration",
      "count": 36,
      "mean_candidate_count": 59.73888888888889,
      "mean_alpha_bank_log_span": 0.3096697117165385,
      "mean_best_geometry_bank_span_norm": 0.46411230375799156,
      "mean_consensus_geometry_bank_span_norm": 0.09658725609092374,
      "mean_best_geometry_mae": 0.08789964210334095,
      "mean_consensus_geometry_mae": 0.06742520500598966,
      "mean_geometry_mae_gain": 0.020474437097351274,
      "mean_geometry_bank_span_gain": 0.36752504766706784,
      "consensus_beats_best_rate": 0.6666666666666666,
      "consensus_tighter_rate": 0.9444444444444444,
      "consensus_span_vs_alpha_span_corr": 0.34467104156068396,
      "best_span_vs_alpha_span_corr": 0.053505965145940325
    },
    {
      "split": "holdout",
      "count": 18,
      "mean_candidate_count": 58.56666666666667,
      "mean_alpha_bank_log_span": 0.2592491375040042,
      "mean_best_geometry_bank_span_norm": 0.5409100555382944,
      "mean_consensus_geometry_bank_span_norm": 0.08989071036037043,
      "mean_best_geometry_mae": 0.09823421585276695,
      "mean_consensus_geometry_mae": 0.0654691359024285,
      "mean_geometry_mae_gain": 0.03276507995033845,
      "mean_geometry_bank_span_gain": 0.45101934517792397,
      "consensus_beats_best_rate": 0.8333333333333334,
      "consensus_tighter_rate": 1.0,
      "consensus_span_vs_alpha_span_corr": 0.1163396172222083,
      "best_span_vs_alpha_span_corr": 0.09443859595086897
    },
    {
      "split": "confirmation",
      "count": 18,
      "mean_candidate_count": 58.10000000000001,
      "mean_alpha_bank_log_span": 0.31857998138267907,
      "mean_best_geometry_bank_span_norm": 0.5194727029728337,
      "mean_consensus_geometry_bank_span_norm": 0.09503125926773248,
      "mean_best_geometry_mae": 0.10668907205929423,
      "mean_consensus_geometry_mae": 0.0695819480313968,
      "mean_geometry_mae_gain": 0.037107124027897426,
      "mean_geometry_bank_span_gain": 0.4244414437051013,
      "consensus_beats_best_rate": 0.8888888888888888,
      "consensus_tighter_rate": 1.0,
      "consensus_span_vs_alpha_span_corr": -0.07112597267513107,
      "best_span_vs_alpha_span_corr": 0.6148637327671709
    }
  ],
  "by_condition": [
    {
      "split": "calibration",
      "condition": "sparse_full_noisy",
      "count": 18,
      "mean_alpha_bank_log_span": 0.3314571880859333,
      "mean_best_geometry_bank_span_norm": 0.44869409438978913,
      "mean_consensus_geometry_bank_span_norm": 0.11699293733544217,
      "mean_best_geometry_mae": 0.07721755741602315,
      "mean_consensus_geometry_mae": 0.05952974417571485,
      "consensus_beats_best_rate": 0.6111111111111112,
      "consensus_tighter_rate": 0.8888888888888888
    },
    {
      "split": "calibration",
      "condition": "sparse_partial_high_noise",
      "count": 18,
      "mean_alpha_bank_log_span": 0.2878822353471438,
      "mean_best_geometry_bank_span_norm": 0.47953051312619405,
      "mean_consensus_geometry_bank_span_norm": 0.07618157484640534,
      "mean_best_geometry_mae": 0.09858172679065873,
      "mean_consensus_geometry_mae": 0.0753206658362645,
      "consensus_beats_best_rate": 0.7222222222222222,
      "consensus_tighter_rate": 1.0
    },
    {
      "split": "holdout",
      "condition": "sparse_full_noisy",
      "count": 9,
      "mean_alpha_bank_log_span": 0.2883721955540702,
      "mean_best_geometry_bank_span_norm": 0.5131603381818225,
      "mean_consensus_geometry_bank_span_norm": 0.11471132518316256,
      "mean_best_geometry_mae": 0.09295592192764074,
      "mean_consensus_geometry_mae": 0.05784808567008377,
      "consensus_beats_best_rate": 0.8888888888888888,
      "consensus_tighter_rate": 1.0
    },
    {
      "split": "holdout",
      "condition": "sparse_partial_high_noise",
      "count": 9,
      "mean_alpha_bank_log_span": 0.23012607945393831,
      "mean_best_geometry_bank_span_norm": 0.5686597728947664,
      "mean_consensus_geometry_bank_span_norm": 0.06507009553757831,
      "mean_best_geometry_mae": 0.1035125097778932,
      "mean_consensus_geometry_mae": 0.07309018613477326,
      "consensus_beats_best_rate": 0.7777777777777778,
      "consensus_tighter_rate": 1.0
    },
    {
      "split": "confirmation",
      "condition": "sparse_full_noisy",
      "count": 9,
      "mean_alpha_bank_log_span": 0.2892980279189714,
      "mean_best_geometry_bank_span_norm": 0.5297659873554899,
      "mean_consensus_geometry_bank_span_norm": 0.12358956448054433,
      "mean_best_geometry_mae": 0.09562596398931654,
      "mean_consensus_geometry_mae": 0.06230507807159854,
      "consensus_beats_best_rate": 0.8888888888888888,
      "consensus_tighter_rate": 1.0
    },
    {
      "split": "confirmation",
      "condition": "sparse_partial_high_noise",
      "count": 9,
      "mean_alpha_bank_log_span": 0.3478619348463866,
      "mean_best_geometry_bank_span_norm": 0.5091794185901777,
      "mean_consensus_geometry_bank_span_norm": 0.06647295405492064,
      "mean_best_geometry_mae": 0.11775218012927192,
      "mean_consensus_geometry_mae": 0.0768588179911951,
      "consensus_beats_best_rate": 0.8888888888888888,
      "consensus_tighter_rate": 1.0
    }
  ],
  "by_cell": [
    {
      "split": "calibration",
      "condition": "sparse_full_noisy",
      "alpha_strength_bin": "moderate",
      "geometry_skew_bin": "low_skew",
      "count": 6,
      "mean_alpha_bank_log_span": 0.25791695019969857,
      "mean_best_geometry_bank_span_norm": 0.38659684912214237,
      "mean_consensus_geometry_bank_span_norm": 0.0924646477132492,
      "mean_best_geometry_mae": 0.07036008055482275,
      "mean_consensus_geometry_mae": 0.04795910895086656,
      "consensus_beats_best_rate": 1.0,
      "consensus_tighter_rate": 1.0
    },
    {
      "split": "calibration",
      "condition": "sparse_full_noisy",
      "alpha_strength_bin": "moderate",
      "geometry_skew_bin": "mid_skew",
      "count": 6,
      "mean_alpha_bank_log_span": 0.391156246633531,
      "mean_best_geometry_bank_span_norm": 0.43952061956988514,
      "mean_consensus_geometry_bank_span_norm": 0.16218441129519703,
      "mean_best_geometry_mae": 0.0787382431046831,
      "mean_consensus_geometry_mae": 0.08504420116133048,
      "consensus_beats_best_rate": 0.16666666666666666,
      "consensus_tighter_rate": 0.6666666666666666
    },
    {
      "split": "calibration",
      "condition": "sparse_full_noisy",
      "alpha_strength_bin": "moderate",
      "geometry_skew_bin": "high_skew",
      "count": 6,
      "mean_alpha_bank_log_span": 0.34529836742457015,
      "mean_best_geometry_bank_span_norm": 0.5199648144773398,
      "mean_consensus_geometry_bank_span_norm": 0.09632975299788023,
      "mean_best_geometry_mae": 0.08255434858856359,
      "mean_consensus_geometry_mae": 0.0455859224149475,
      "consensus_beats_best_rate": 0.6666666666666666,
      "consensus_tighter_rate": 1.0
    },
    {
      "split": "calibration",
      "condition": "sparse_partial_high_noise",
      "alpha_strength_bin": "moderate",
      "geometry_skew_bin": "low_skew",
      "count": 6,