{
  "source_packet": "joint_pose_marginalized_solver_trials.csv",
  "focused_conditions": [
    "sparse_full_noisy",
    "sparse_partial_high_noise"
  ],
  "focused_alpha_bin": "moderate",
  "focused_support_gated_mean_alpha_error": 0.1713940930372718,
  "focused_joint_mean_alpha_error": 0.1835302813296511,
  "focused_policy_mean_alpha_error": 0.13986162215201473,
  "focused_oracle_two_mean_alpha_error": 0.1281032160699384,
  "policy_minus_support_alpha_error": -0.03153247088525707,
  "policy_minus_joint_alpha_error": -0.043668659177636376,
  "policy_gap_to_oracle_two": 0.011758406082076317,
  "condition_means": [
    {
      "condition": "sparse_full_noisy",
      "support_gated_alpha_error_mean": 0.12331280002327195,
      "joint_alpha_error_mean": 0.1283654281963597,
      "policy_alpha_error_mean": 0.1230526539512054,
      "oracle_two_alpha_error_mean": 0.1230526539512054,
      "oracle_pose_alpha_error_mean": 0.01747297893366469,
      "policy_choose_joint_fraction": 0.8333333333333334,
      "joint_pose_entropy_mean": 0.4908581597139814
    },
    {
      "condition": "sparse_partial_high_noise",
      "support_gated_alpha_error_mean": 0.21947538605127156,
      "joint_alpha_error_mean": 0.23869513446294252,
      "policy_alpha_error_mean": 0.15667059035282407,
      "oracle_two_alpha_error_mean": 0.13315377818867138,
      "oracle_pose_alpha_error_mean": 0.034840472094735585,
      "policy_choose_joint_fraction": 0.3333333333333333,
      "joint_pose_entropy_mean": 0.7013004526724199
    }
  ]
}