{
  "summary": {
    "base_state_count": 96,
    "step_fractions": [
      0.03,
      0.06,
      0.1,
      0.14
    ],
    "audit": {
      "audit_random_cases": 40,
      "max_shift_identity_rmse": 0.0,
      "max_orbit_minus_raw_violation": 0.0,
      "min_absorption_fraction": 0.0,
      "max_absorption_fraction": 0.004532283724283159
    },
    "largest_alpha_minus_geometry_random_absorption_gap": 0.055660009066198786,
    "smallest_alpha_minus_geometry_random_absorption_gap": 0.0011094742441862461,
    "largest_alpha_over_geometry_random_orbit_ratio_advantage": 1.0593091362824054,
    "smallest_alpha_over_geometry_random_orbit_ratio_advantage": 1.0011107065444902,
    "largest_alpha_nontrivial_shift_fraction_minus_geometry_random": 0.20833333333333331,
    "smallest_alpha_nontrivial_shift_fraction_minus_geometry_random": 0.026041666666666668
  },
  "by_condition": [
    {
      "perturbation_type": "alpha",
      "step_fraction": 0.03,
      "count": 192,
      "raw_rmse_mean": 0.011114137719503729,
      "raw_rmse_p95": 0.015957763063077567,
      "orbit_rmse_mean": 0.011099595169122164,
      "orbit_rmse_p95": 0.015957763063077567,
      "orbit_absorption_mean": 0.0011094742441862461,
      "orbit_absorption_p95": 0.0,
      "orbit_ratio_mean": 0.9988905257558137,
      "orbit_ratio_p95": 1.0,
      "nontrivial_best_shift_fraction": 0.026041666666666668
    },
    {
      "perturbation_type": "alpha",
      "step_fraction": 0.06,
      "count": 192,
      "raw_rmse_mean": 0.022254771137147286,
      "raw_rmse_p95": 0.03184414418999203,
      "orbit_rmse_mean": 0.021953847462148058,
      "orbit_rmse_p95": 0.03184414418999203,
      "orbit_absorption_mean": 0.011789366814084497,
      "orbit_absorption_p95": 0.002320452429818525,
      "orbit_ratio_mean": 0.9882106331859154,
      "orbit_ratio_p95": 1.0,
      "nontrivial_best_shift_fraction": 0.06770833333333333
    },
    {
      "perturbation_type": "alpha",
      "step_fraction": 0.1,
      "count": 192,
      "raw_rmse_mean": 0.037196636554687884,
      "raw_rmse_p95": 0.054630689578684416,
      "orbit_rmse_mean": 0.03580103396696544,
      "orbit_rmse_p95": 0.054630689578684416,
      "orbit_absorption_mean": 0.03296905664933584,
      "orbit_absorption_p95": 0.24489679981737042,
      "orbit_ratio_mean": 0.9670309433506642,
      "orbit_ratio_p95": 1.0,
      "nontrivial_best_shift_fraction": 0.15625
    },
    {
      "perturbation_type": "alpha",
      "step_fraction": 0.14,
      "count": 192,
      "raw_rmse_mean": 0.05229927312664966,
      "raw_rmse_p95": 0.07923321085677379,
      "orbit_rmse_mean": 0.048658099221971375,
      "orbit_rmse_p95": 0.07923321085677379,
      "orbit_absorption_mean": 0.06152723585167347,
      "orbit_absorption_p95": 0.4880044444173928,
      "orbit_ratio_mean": 0.9384727641483265,
      "orbit_ratio_p95": 1.0,
      "nontrivial_best_shift_fraction": 0.22916666666666666
    },
    {
      "perturbation_type": "geometry_random",
      "step_fraction": 0.03,
      "count": 192,
      "raw_rmse_mean": 0.0007282441252383821,
      "raw_rmse_p95": 0.0014540022238867622,
      "orbit_rmse_mean": 0.0007282441252383821,
      "orbit_rmse_p95": 0.0014540022238867622,
      "orbit_absorption_mean": 0.0,
      "orbit_absorption_p95": 0.0,
      "orbit_ratio_mean": 1.0,
      "orbit_ratio_p95": 1.0,
      "nontrivial_best_shift_fraction": 0.0
    },
    {
      "perturbation_type": "geometry_random",
      "step_fraction": 0.06,
      "count": 192,
      "raw_rmse_mean": 0.001461530716031287,
      "raw_rmse_p95": 0.0029074068362557126,
      "orbit_rmse_mean": 0.0014485100424266742,
      "orbit_rmse_p95": 0.0028756001425149164,
      "orbit_absorption_mean": 0.0036794993366103183,
      "orbit_absorption_p95": 0.0,
      "orbit_ratio_mean": 0.9963205006633897,
      "orbit_ratio_p95": 1.0,
      "nontrivial_best_shift_fraction": 0.005208333333333333
    },
    {
      "perturbation_type": "geometry_random",
      "step_fraction": 0.1,
      "count": 192,
      "raw_rmse_mean": 0.0024239988090698733,
      "raw_rmse_p95": 0.004849806891498146,
      "orbit_rmse_mean": 0.0024065780051725906,
      "orbit_rmse_p95": 0.00480058164127199,
      "orbit_absorption_mean": 0.003101247095739779,
      "orbit_absorption_p95": 0.0,
      "orbit_ratio_mean": 0.9968987529042602,
      "orbit_ratio_p95": 1.0,
      "nontrivial_best_shift_fraction": 0.015625
    },
    {
      "perturbation_type": "geometry_random",
      "step_fraction": 0.14,
      "count": 192,
      "raw_rmse_mean": 0.0033762037541854597,
      "raw_rmse_p95": 0.006839875670781847,
      "orbit_rmse_mean": 0.0033479853867932376,
      "orbit_rmse_p95": 0.006700159522705909,
      "orbit_absorption_mean": 0.005867226785474679,
      "orbit_absorption_p95": 0.0,
      "orbit_ratio_mean": 0.9941327732145253,
      "orbit_ratio_p95": 1.0,
      "nontrivial_best_shift_fraction": 0.020833333333333332
    },
    {
      "perturbation_type": "rho",
      "step_fraction": 0.03,
      "count": 192,
      "raw_rmse_mean": 0.0009106772442594823,
      "raw_rmse_p95": 0.0015575466986369076,
      "orbit_rmse_mean": 0.0009106772442594823,
      "orbit_rmse_p95": 0.0015575466986369076,
      "orbit_absorption_mean": 0.0,
      "orbit_absorption_p95": 0.0,
      "orbit_ratio_mean": 1.0,
      "orbit_ratio_p95": 1.0,
      "nontrivial_best_shift_fraction": 0.0
    },
    {
      "perturbation_type": "rho",
      "step_fraction": 0.06,
      "count": 192,
      "raw_rmse_mean": 0.0018213810194523028,
      "raw_rmse_p95": 0.0031153495754919136,
      "orbit_rmse_mean": 0.0018213810194523028,
      "orbit_rmse_p95": 0.0031153495754919136,
      "orbit_absorption_mean": 0.0,
      "orbit_absorption_p95": 0.0,
      "orbit_ratio_mean": 1.0,
      "orbit_ratio_p95": 1.0,
      "nontrivial_best_shift_fraction": 0.0
    },
    {
      "perturbation_type": "rho",
      "step_fraction": 0.1,
      "count": 192,
      "raw_rmse_mean": 0.0030358067834270505,
      "raw_rmse_p95": 0.005193010774181417,
      "orbit_rmse_mean": 0.0030358067834270505,
      "orbit_rmse_p95": 0.005193010774181417,
      "orbit_absorption_mean": 0.0,
      "orbit_absorption_p95": 0.0,
      "orbit_ratio_mean": 1.0,
      "orbit_ratio_p95": 1.0,
      "nontrivial_best_shift_fraction": 0.0
    },
    {
      "perturbation_type": "rho",
      "step_fraction": 0.14,
      "count": 192,
      "raw_rmse_mean": 0.004250498515593439,
      "raw_rmse_p95": 0.007269749651523759,
      "orbit_rmse_mean": 0.004250498515593439,
      "orbit_rmse_p95": 0.007269749651523759,
      "orbit_absorption_mean": 0.0,
      "orbit_absorption_p95": 0.0,
      "orbit_ratio_mean": 1.0,
      "orbit_ratio_p95": 1.0,
      "nontrivial_best_shift_fraction": 0.0
    },
    {
      "perturbation_type": "t",
      "step_fraction": 0.03,
      "count": 192,
      "raw_rmse_mean": 0.0007186342338498323,
      "raw_rmse_p95": 0.0016173947280999329,
      "orbit_rmse_mean": 0.0007186342338498323,
      "orbit_rmse_p95": 0.0016173947280999329,
      "orbit_absorption_mean": 0.0,
      "orbit_absorption_p95": 0.0,
      "orbit_ratio_mean": 1.0,
      "orbit_ratio_p95": 1.0,
      "nontrivial_best_shift_fraction": 0.0
    },
    {
      "perturbation_type": "t",
      "step_fraction": 0.06,
      "count": 192,
      "raw_rmse_mean": 0.0014420906181267141,
      "raw_rmse_p95": 0.003246940638643093,
      "orbit_rmse_mean": 0.0014122060284633465,
      "orbit_rmse_p95": 0.0032093272935388444,
      "orbit_absorption_mean": 0.012797088344435473,
      "orbit_absorption_p95": 0.0,
      "orbit_ratio_mean": 0.9872029116555646,
      "orbit_ratio_p95": 1.0,
      "nontrivial_best_shift_fraction": 0.020833333333333332
    },
    {
      "perturbation_type": "t",
      "step_fraction": 0.1,
      "count": 192,
      "raw_rmse_mean": 0.0023967045608446866,
      "raw_rmse_p95": 0.005287628418407063,
      "orbit_rmse_mean": 0.002337236163034475,
      "orbit_rmse_p95": 0.0052116947750449685,