{
  "summary": {
    "reference_bank_size": 300,
    "test_trials_per_regime": 40,
    "max_harmonic": 4,
    "top_k_envelope": 10,
    "largest_alpha_error_improvement_factor_mean": 45.70674863402156,
    "smallest_alpha_error_improvement_factor_mean": 0.4825778268210569,
    "largest_alpha_error_ratio_of_means_baseline_over_spectral": 1.16756040909867,
    "smallest_alpha_error_ratio_of_means_baseline_over_spectral": 0.26357387107350105,
    "largest_alpha_span_reduction_factor_mean": 1.3947302879460994,
    "smallest_alpha_span_reduction_factor_mean": 0.4459626072007752,
    "largest_alpha_span_ratio_of_means_baseline_over_spectral": 1.0347459165269635,
    "smallest_alpha_span_ratio_of_means_baseline_over_spectral": 0.4460763225006727,
    "smallest_spectral_near_tie_diverse_fraction": 0.0,
    "largest_spectral_near_tie_diverse_fraction": 0.625
  },
  "by_condition": [
    {
      "condition": "full_clean",
      "baseline_geometry_mae_mean": 0.08285941769850284,
      "spectral_geometry_mae_mean": 0.07898879092404812,
      "baseline_weight_mae_mean": 0.14749232186272096,
      "spectral_weight_mae_mean": 0.1551516413119723,
      "baseline_alpha_error_mean": 0.24999574335764096,
      "spectral_alpha_error_mean": 0.3003939609564187,
      "baseline_fit_rmse_mean": 0.007729182815391057,
      "spectral_fit_rmse_mean": 0.020148634615074917,
      "baseline_alpha_span_topk_mean": 0.5922369283080219,
      "spectral_alpha_span_topk_mean": 0.5723500995257026,
      "baseline_geometry_dispersion_topk_mean": 0.06806885803817916,
      "spectral_geometry_dispersion_topk_mean": 0.06465303888199793,
      "baseline_weight_dispersion_topk_mean": 0.16498091514288998,
      "spectral_weight_dispersion_topk_mean": 0.17191870271969525,
      "baseline_near_tie_diverse_fraction": 0.0,
      "spectral_near_tie_diverse_fraction": 0.55,
      "alpha_error_improvement_factor_mean": 45.70674863402156,
      "alpha_span_reduction_factor_mean": 1.3947302879460994,
      "alpha_error_ratio_of_means_baseline_over_spectral": 0.8322262623445699,
      "alpha_span_ratio_of_means_baseline_over_spectral": 1.0347459165269635,
      "geometry_ratio_of_means_spectral_over_baseline": 0.953286821438468,
      "weight_ratio_of_means_spectral_over_baseline": 1.0519302927265615,
      "geometry_error_ratio_spectral_over_baseline_mean": 1.2862785519797526,
      "weight_error_ratio_spectral_over_baseline_mean": 1.7339654084680127,
      "spectral_design_condition_mean": 1.4142135623730967
    },
    {
      "condition": "full_noisy",
      "baseline_geometry_mae_mean": 0.08430915368878107,
      "spectral_geometry_mae_mean": 0.08583555204429053,
      "baseline_weight_mae_mean": 0.14615923880071047,
      "spectral_weight_mae_mean": 0.14379885609275833,
      "baseline_alpha_error_mean": 0.2646540127880116,
      "spectral_alpha_error_mean": 0.3931973910063114,
      "baseline_fit_rmse_mean": 0.008580484001568864,
      "spectral_fit_rmse_mean": 0.02080856401626454,
      "baseline_alpha_span_topk_mean": 0.5274992365614282,
      "spectral_alpha_span_topk_mean": 0.5758536841695596,
      "baseline_geometry_dispersion_topk_mean": 0.06764580985756848,
      "spectral_geometry_dispersion_topk_mean": 0.06396299181217964,
      "baseline_weight_dispersion_topk_mean": 0.1722672823306747,
      "spectral_weight_dispersion_topk_mean": 0.17279464932289762,
      "baseline_near_tie_diverse_fraction": 0.0,
      "spectral_near_tie_diverse_fraction": 0.625,
      "alpha_error_improvement_factor_mean": 10.831717186264475,
      "alpha_span_reduction_factor_mean": 1.0120111225118207,
      "alpha_error_ratio_of_means_baseline_over_spectral": 0.6730818129557821,
      "alpha_span_ratio_of_means_baseline_over_spectral": 0.9160299761251618,
      "geometry_ratio_of_means_spectral_over_baseline": 1.0181047761568571,
      "weight_ratio_of_means_spectral_over_baseline": 0.9838506089158651,
      "geometry_error_ratio_spectral_over_baseline_mean": 1.5415754022105026,
      "weight_error_ratio_spectral_over_baseline_mean": 1.4757584090546338,
      "spectral_design_condition_mean": 1.4142135623730967
    },
    {
      "condition": "partial_arc_noisy",
      "baseline_geometry_mae_mean": 0.08018165206096059,
      "spectral_geometry_mae_mean": 0.10317212206849873,
      "baseline_weight_mae_mean": 0.14421212407311046,
      "spectral_weight_mae_mean": 0.12927604986734292,
      "baseline_alpha_error_mean": 0.12938055636835516,
      "spectral_alpha_error_mean": 0.4908701907416145,
      "baseline_fit_rmse_mean": 0.01692829738251968,
      "spectral_fit_rmse_mean": 0.12538528012620315,
      "baseline_alpha_span_topk_mean": 0.5220232391884017,
      "spectral_alpha_span_topk_mean": 1.1702554313171698,
      "baseline_geometry_dispersion_topk_mean": 0.06701471585815205,
      "spectral_geometry_dispersion_topk_mean": 0.05032406779473523,
      "baseline_weight_dispersion_topk_mean": 0.1715034801615608,
      "spectral_weight_dispersion_topk_mean": 0.14796485482010446,
      "baseline_near_tie_diverse_fraction": 0.5,
      "spectral_near_tie_diverse_fraction": 0.0,
      "alpha_error_improvement_factor_mean": 0.4825778268210569,
      "alpha_span_reduction_factor_mean": 0.4459626072007752,
      "alpha_error_ratio_of_means_baseline_over_spectral": 0.26357387107350105,
      "alpha_span_ratio_of_means_baseline_over_spectral": 0.4460763225006727,
      "geometry_ratio_of_means_spectral_over_baseline": 1.286729811828508,
      "weight_ratio_of_means_spectral_over_baseline": 0.8964298300037834,
      "geometry_error_ratio_spectral_over_baseline_mean": 1.6511352579244245,
      "weight_error_ratio_spectral_over_baseline_mean": 1.1556852501317671,
      "spectral_design_condition_mean": 6949.846138368569
    },
    {
      "condition": "sparse_full_noisy",
      "baseline_geometry_mae_mean": 0.08350385055420054,
      "spectral_geometry_mae_mean": 0.09216806279309654,
      "baseline_weight_mae_mean": 0.12727871636399765,
      "spectral_weight_mae_mean": 0.1624353269008964,
      "baseline_alpha_error_mean": 0.2733876152360293,
      "spectral_alpha_error_mean": 0.23415286532975052,
      "baseline_fit_rmse_mean": 0.013285023067008257,
      "spectral_fit_rmse_mean": 0.048714818062747245,
      "baseline_alpha_span_topk_mean": 0.5526870078682022,
      "spectral_alpha_span_topk_mean": 0.5791621149845092,
      "baseline_geometry_dispersion_topk_mean": 0.06845506693850056,
      "spectral_geometry_dispersion_topk_mean": 0.05683665709198819,
      "baseline_weight_dispersion_topk_mean": 0.16676765696290272,
      "spectral_weight_dispersion_topk_mean": 0.16131122371443363,
      "baseline_near_tie_diverse_fraction": 0.625,
      "spectral_near_tie_diverse_fraction": 0.475,
      "alpha_error_improvement_factor_mean": 22.759657437109958,
      "alpha_span_reduction_factor_mean": 1.3865710554547683,
      "alpha_error_ratio_of_means_baseline_over_spectral": 1.16756040909867,
      "alpha_span_ratio_of_means_baseline_over_spectral": 0.9542872255775655,
      "geometry_ratio_of_means_spectral_over_baseline": 1.1037582360740628,
      "weight_ratio_of_means_spectral_over_baseline": 1.2762175133535778,
      "geometry_error_ratio_spectral_over_baseline_mean": 1.3727552031176997,
      "weight_error_ratio_spectral_over_baseline_mean": 2.0763685375981824,
      "spectral_design_condition_mean": 45.85606979137525
    },
    {
      "condition": "sparse_partial_high_noise",
      "baseline_geometry_mae_mean": 0.09697157921280716,
      "spectral_geometry_mae_mean": 0.09465714893708613,
      "baseline_weight_mae_mean": 0.11486075360535415,
      "spectral_weight_mae_mean": 0.1220883002237509,
      "baseline_alpha_error_mean": 0.28714095661631134,
      "spectral_alpha_error_mean": 0.5824022620494576,
      "baseline_fit_rmse_mean": 0.050415576438647705,
      "spectral_fit_rmse_mean": 0.13630127483658905,
      "baseline_alpha_span_topk_mean": 0.5410245056090807,