{
  "summary": {
    "reference_bank_size": 300,
    "test_trials_per_regime": 40,
    "top_k_envelope": 10,
    "alpha_diverse_threshold": 0.2,
    "min_near_tie_delta": 5e-05,
    "smallest_alpha_span_ratio_pose_over_canonical_mean": 3.7418925232404545,
    "largest_alpha_span_ratio_pose_over_canonical_mean": 5.569681788047009,
    "smallest_alpha_error_ratio_pose_over_canonical_mean": 11.375512356383629,
    "largest_alpha_error_ratio_pose_over_canonical_mean": 30.983293290177784,
    "smallest_near_tie_diverse_fraction_gap": 0.0,
    "largest_near_tie_diverse_fraction_gap": 0.725
  },
  "by_condition": [
    {
      "condition": "full_clean",
      "canonical_alpha_span_topk_mean": 0.12309542480931604,
      "pose_alpha_span_topk_mean": 0.5922369283080219,
      "canonical_alpha_best_error_mean": 0.01583324076697574,
      "pose_alpha_best_error_mean": 0.24999574335764096,
      "canonical_geometry_dispersion_topk_mean": 0.07105232067342662,
      "pose_geometry_dispersion_topk_mean": 0.06806885803817916,
      "canonical_weight_dispersion_topk_mean": 0.1472059417570075,
      "pose_weight_dispersion_topk_mean": 0.16498091514288998,
      "canonical_gap_topk_mean": 0.0007035118030614409,
      "pose_gap_topk_mean": 0.00032388338990209126,
      "canonical_near_tie_diverse_fraction": 0.0,
      "pose_near_tie_diverse_fraction": 0.0,
      "alpha_span_ratio_pose_over_canonical_mean": 5.569681788047009,
      "alpha_error_ratio_pose_over_canonical_mean": 28.886192254933245,
      "geometry_dispersion_ratio_pose_over_canonical_mean": 0.9903094355941959,
      "weight_dispersion_ratio_pose_over_canonical_mean": 1.163136311282402
    },
    {
      "condition": "full_noisy",
      "canonical_alpha_span_topk_mean": 0.13267156429590238,
      "pose_alpha_span_topk_mean": 0.5274992365614282,
      "canonical_alpha_best_error_mean": 0.019937669458971567,
      "pose_alpha_best_error_mean": 0.2646540127880116,
      "canonical_geometry_dispersion_topk_mean": 0.07383531641866548,
      "pose_geometry_dispersion_topk_mean": 0.06764580985756848,
      "canonical_weight_dispersion_topk_mean": 0.15559734324089933,
      "pose_weight_dispersion_topk_mean": 0.1722672823306747,
      "canonical_gap_topk_mean": 0.0006393943204287819,
      "pose_gap_topk_mean": 0.0003084244111639024,
      "canonical_near_tie_diverse_fraction": 0.0,
      "pose_near_tie_diverse_fraction": 0.0,
      "alpha_span_ratio_pose_over_canonical_mean": 4.328575509904337,
      "alpha_error_ratio_pose_over_canonical_mean": 30.983293290177784,
      "geometry_dispersion_ratio_pose_over_canonical_mean": 0.9285506997111245,
      "weight_dispersion_ratio_pose_over_canonical_mean": 1.1435773210915852
    },
    {
      "condition": "partial_arc_noisy",
      "canonical_alpha_span_topk_mean": 0.1572343588777236,
      "pose_alpha_span_topk_mean": 0.5220232391884017,
      "canonical_alpha_best_error_mean": 0.03162291978659829,
      "pose_alpha_best_error_mean": 0.12938055636835516,
      "canonical_geometry_dispersion_topk_mean": 0.07242907307648902,
      "pose_geometry_dispersion_topk_mean": 0.06701471585815205,
      "canonical_weight_dispersion_topk_mean": 0.1579626196789248,
      "pose_weight_dispersion_topk_mean": 0.1715034801615608,
      "canonical_gap_topk_mean": 0.0005698629052808692,
      "pose_gap_topk_mean": 0.00018274880089773528,
      "canonical_near_tie_diverse_fraction": 0.0,
      "pose_near_tie_diverse_fraction": 0.5,
      "alpha_span_ratio_pose_over_canonical_mean": 3.7418925232404545,
      "alpha_error_ratio_pose_over_canonical_mean": 11.375512356383629,
      "geometry_dispersion_ratio_pose_over_canonical_mean": 0.9620336270103678,
      "weight_dispersion_ratio_pose_over_canonical_mean": 1.1162378882005348
    },
    {
      "condition": "sparse_full_noisy",
      "canonical_alpha_span_topk_mean": 0.1322785921381597,
      "pose_alpha_span_topk_mean": 0.5526870078682022,
      "canonical_alpha_best_error_mean": 0.024941521737875644,
      "pose_alpha_best_error_mean": 0.2733876152360293,
      "canonical_geometry_dispersion_topk_mean": 0.07460155121116718,
      "pose_geometry_dispersion_topk_mean": 0.06845506693850056,
      "canonical_weight_dispersion_topk_mean": 0.1527220369989168,
      "pose_weight_dispersion_topk_mean": 0.16676765696290272,
      "canonical_gap_topk_mean": 0.0006351061632977969,
      "pose_gap_topk_mean": 0.00022964930056444433,
      "canonical_near_tie_diverse_fraction": 0.0,
      "pose_near_tie_diverse_fraction": 0.625,
      "alpha_span_ratio_pose_over_canonical_mean": 4.637148461803447,
      "alpha_error_ratio_pose_over_canonical_mean": 18.782086343718557,
      "geometry_dispersion_ratio_pose_over_canonical_mean": 0.9598106210679032,
      "weight_dispersion_ratio_pose_over_canonical_mean": 1.13394884071826
    },
    {
      "condition": "sparse_partial_high_noise",
      "canonical_alpha_span_topk_mean": 0.14069448072700536,
      "pose_alpha_span_topk_mean": 0.5410245056090807,
      "canonical_alpha_best_error_mean": 0.038419366771035704,
      "pose_alpha_best_error_mean": 0.28714095661631134,
      "canonical_geometry_dispersion_topk_mean": 0.07532904580827171,
      "pose_geometry_dispersion_topk_mean": 0.07367590526539618,
      "canonical_weight_dispersion_topk_mean": 0.15441316905306715,
      "pose_weight_dispersion_topk_mean": 0.16413269153228977,
      "canonical_gap_topk_mean": 0.00042677243743113435,
      "pose_gap_topk_mean": 0.0001480998171315882,
      "canonical_near_tie_diverse_fraction": 0.125,
      "pose_near_tie_diverse_fraction": 0.85,
      "alpha_span_ratio_pose_over_canonical_mean": 4.635505782543315,
      "alpha_error_ratio_pose_over_canonical_mean": 13.170941503949006,
      "geometry_dispersion_ratio_pose_over_canonical_mean": 1.0054146849160506,
      "weight_dispersion_ratio_pose_over_canonical_mean": 1.0890940046480762
    }
  ]
}